{"stat.useItem.65":3,"stat.useItem.355":2,"stat.useItem.61":2,"stat.craftItem.61":7,"stat.craftItem.65":3,"stat.mineBlock.81":10,"stat.useItem.69":1,"stat.mineBlock.14":6,"stat.mineBlock.13":74,"stat.mineBlock.16":194,"stat.mineBlock.15":69,"stat.craftItem.297":23,"stat.mineBlock.18":33,"stat.mineBlock.17":129,"stat.swimOneCm":8255,"stat.jump":2264,"achievement.stoneGear":2,"stat.fallOneCm":10242,"stat.climbOneCm":3635,"stat.craftItem.291":1,"achievement.buildWorkBench":1,"stat.craftItem.1":5,"stat.craftItem.324":1,"stat.craftItem.325":1,"achievement.exploreAllBiomes":{"value":0,"progress":["ForestHills","Beach","DesertHills","River","Forest","Plains","Desert","Savanna"]},"stat.mineBlock.12":100,"stat.useItem.295":109,"stat.useItem.331":4,"stat.craftItem.5":200,"stat.useItem.338":15,"stat.damageTaken":1590,"stat.mineBlock.4":1,"stat.mineBlock.3":178,"stat.mineBlock.1":718,"stat.mineBlock.6":3,"stat.useItem.54":4,"stat.flyOneCm":24502,"stat.useItem.50":130,"stat.craftItem.355":1,"achievement.buildPickaxe":20,"stat.killEntity.Witch":1,"stat.damageDealt":5895,"achievement.woodenGear":2,"achievement.buildBetterPickaxe":20,"stat.mineBlock.73":10,"stat.useItem.58":5,"stat.useItem.274":987,"ic2.mineOre":122,"stat.useItem.273":257,"stat.craftItem.263":34,"stat.killEntity.Bat":2,"stat.useItem.275":173,"stat.walkOneCm":1159470,"stat.craftItem.265":74,"stat.craftItem.267":1,"ic2.acquireResin":23,"stat.mineBlock.175":11,"stat.killEntity.Creeper":6,"stat.mineBlock.58":3,"stat.useItem.324":1,"stat.craftItem.257":1,"achievement.buildSword":1,"achievement.mineWood":114,"stat.mineBlock.50":12,"stat.mineBlock.54":1,"stat.useItem.291":40,"stat.mineBlock.24":5,"stat.killEntity.Skeleton":4,"stat.useItem.257":223,"stat.breakItem.274":1,"achievement.openInventory":105,"stat.breakItem.273":1,"stat.breakItem.275":1,"stat.killEntity.Chicken":4,"stat.craftItem.280":88,"stat.killEntity.Spider":3,"stat.mobKills":31,"achievement.killEnemy":10,"stat.craftItem.272":1,"stat.craftItem.273":2,"achievement.buildFurnace":9,"stat.useItem.6":31,"stat.craftItem.58":2,"stat.craftItem.274":13,"stat.mineBlock.38":2,"stat.craftItem.275":1,"stat.useItem.12":10,"stat.drop":15,"stat.playOneMinute":261140,"stat.craftItem.50":140,"stat.killEntity.Sheep":3,"stat.useItem.4":65,"stat.craftItem.54":5,"stat.useItem.3":131,"stat.killEntity.Zombie":8,"stat.useItem.13":35,"stat.craftItem.306":1,"stat.useItem.391":12,"stat.mineBlock.32":1,"stat.mineBlock.31":368,"stat.diveOneCm":3255,"stat.craftItem.307":1,"stat.useItem.272":92,"stat.craftItem.308":1,"stat.craftItem.309":1,"stat.useItem.392":10,"stat.useItem.271":23}