{"stat.craftItem.69":2,"stat.useItem.355":3,"stat.craftItem.61":7,"stat.craftItem.65":15,"stat.mineBlock.14":18,"stat.mineBlock.13":79,"stat.mineBlock.16":335,"stat.mineBlock.15":121,"stat.mineBlock.18":330,"stat.mineBlock.17":439,"stat.swimOneCm":30278,"stat.climbOneCm":5376,"achievement.buildWorkBench":1,"stat.craftItem.76":4,"stat.craftItem.324":3,"stat.craftItem.325":4,"achievement.exploreAllBiomes":{"value":0,"progress":["ForestHills","Beach","DesertHills","River","Forest","Plains","Desert","Savanna"]},"stat.mineBlock.12":104,"stat.useItem.331":4,"stat.useItem.338":15,"stat.mineBlock.4":12,"stat.mineBlock.3":325,"stat.mineBlock.1":2090,"stat.mineBlock.6":7,"stat.flyOneCm":26588,"stat.craftItem.355":1,"achievement.buildPickaxe":23,"stat.killEntity.Witch":1,"achievement.woodenGear":5,"achievement.buildBetterPickaxe":23,"ic2.mineOre":256,"stat.killEntity.Bat":2,"ic2.acquireResin":38,"stat.mineBlock.175":12,"stat.killEntity.Creeper":8,"stat.useItem.324":3,"stat.craftItem.33":1,"achievement.buildSword":1,"achievement.mineWood":412,"stat.breakItem.272":1,"stat.breakItem.274":2,"achievement.openInventory":165,"stat.breakItem.273":2,"stat.breakItem.275":2,"stat.useItem.81":71,"achievement.killEnemy":23,"achievement.ironGear":1,"achievement.buildFurnace":9,"stat.craftItem.58":2,"stat.drop":24,"stat.playOneMinute":606527,"stat.craftItem.50":212,"stat.killEntity.Sheep":3,"stat.craftItem.54":7,"stat.killEntity.Zombie":11,"stat.craftItem.306":1,"stat.diveOneCm":4184,"stat.craftItem.307":1,"stat.craftItem.308":1,"stat.craftItem.309":1,"stat.useItem.65":11,"stat.useItem.61":2,"stat.breakItem.257":1,"stat.mineBlock.81":58,"stat.useItem.69":11,"stat.craftItem.297":23,"stat.jump":3201,"achievement.stoneGear":3,"stat.fallOneCm":12360,"stat.craftItem.291":1,"stat.craftItem.1":5,"stat.mineBlock.69":8,"stat.useItem.295":169,"stat.craftItem.5":240,"stat.damageTaken":1890,"stat.mineBlock.61":2,"stat.mineBlock.65":4,"stat.useItem.54":6,"stat.useItem.50":238,"stat.damageDealt":9225,"stat.mineBlock.73":50,"stat.useItem.58":5,"stat.useItem.274":1247,"stat.useItem.273":267,"stat.craftItem.263":50,"stat.useItem.275":258,"stat.walkOneCm":2352410,"stat.craftItem.265":74,"stat.craftItem.267":1,"stat.animalsBred":4,"stat.craftItem.258":1,"stat.mineBlock.58":4,"stat.useItem.31":1,"achievement.redstoneEngine":1,"stat.craftItem.257":1,"stat.mineBlock.50":24,"stat.mineBlock.54":1,"stat.useItem.291":40,"stat.mineBlock.56":13,"stat.mineBlock.24":28,"stat.killEntity.Skeleton":5,"stat.useItem.258":182,"stat.useItem.257":251,"stat.killEntity.Chicken":4,"stat.craftItem.280":152,"stat.killEntity.Spider":10,"stat.mobKills":45,"stat.mineBlock.21":4,"stat.craftItem.272":1,"stat.craftItem.273":2,"stat.useItem.6":114,"stat.craftItem.274":15,"stat.mineBlock.38":2,"stat.craftItem.275":1,"stat.useItem.12":10,"stat.useItem.4":198,"stat.useItem.3":239,"stat.useItem.13":35,"stat.useItem.391":21,"stat.mineBlock.32":1,"stat.mineBlock.31":396,"stat.useItem.272":143,"stat.useItem.392":21,"stat.useItem.271":23}