{"stat.craftItem.69":4,"stat.useItem.355":3,"stat.craftItem.61":7,"stat.leaveGame":2,"stat.craftItem.65":15,"stat.mineBlock.14":20,"stat.mineBlock.13":124,"stat.mineBlock.16":551,"stat.mineBlock.15":241,"stat.mineBlock.18":7680,"stat.mineBlock.17":1301,"stat.swimOneCm":45524,"stat.climbOneCm":5376,"achievement.buildWorkBench":1,"stat.craftItem.76":8,"stat.craftItem.324":4,"stat.craftItem.325":4,"achievement.exploreAllBiomes":{"value":0,"progress":["ForestHills","Beach","DesertHills","River","Forest","Plains","Desert","Savanna","Hell"]},"stat.mineBlock.12":219,"stat.useItem.331":4,"stat.useItem.338":15,"stat.mineBlock.4":87,"stat.mineBlock.3":522,"stat.mineBlock.1":3321,"stat.mineBlock.6":11,"stat.flyOneCm":99741,"stat.craftItem.355":1,"achievement.buildPickaxe":28,"stat.killEntity.Witch":1,"achievement.woodenGear":16,"achievement.buildBetterPickaxe":28,"ic2.mineOre":564,"stat.killEntity.Bat":2,"ic2.acquireResin":38,"stat.mineBlock.175":16,"stat.killEntity.Creeper":11,"stat.useItem.324":4,"achievement.aLotOfCrafting":1,"stat.craftItem.33":2,"achievement.buildSword":1,"achievement.mineWood":1103,"stat.breakItem.272":1,"stat.breakItem.274":2,"achievement.openInventory":327,"stat.breakItem.273":2,"stat.craftItem.42":2,"stat.breakItem.275":2,"stat.useItem.81":71,"achievement.killEnemy":41,"achievement.ironGear":8,"achievement.buildFurnace":9,"stat.craftItem.58":2,"stat.drop":96,"stat.playOneMinute":1161352,"stat.craftItem.50":356,"stat.killEntity.Sheep":3,"stat.craftItem.54":8,"stat.killEntity.Zombie":17,"stat.craftItem.306":1,"stat.diveOneCm":13585,"stat.craftItem.307":1,"stat.craftItem.308":1,"stat.craftItem.309":1,"stat.useItem.65":11,"stat.useItem.61":2,"stat.breakItem.257":1,"stat.mineBlock.81":82,"stat.mineBlock.82":15,"stat.mineBlock.87":194,"stat.useItem.69":30,"stat.mineBlock.89":35,"stat.craftItem.297":44,"stat.jump":5892,"achievement.stoneGear":12,"stat.fallOneCm":36383,"stat.useItem.70":1,"stat.craftItem.291":1,"stat.craftItem.1":5,"stat.mineBlock.69":14,"stat.useItem.295":229,"stat.craftItem.5":832,"stat.damageTaken":3380,"stat.mineBlock.61":2,"stat.mineBlock.65":4,"stat.useItem.49":10,"stat.useItem.54":8,"stat.useItem.50":397,"achievement.chunkDestroyer":1,"stat.damageDealt":13475,"stat.mineBlock.70":1,"stat.mineBlock.73":59,"stat.useItem.58":5,"stat.useItem.274":1259,"stat.useItem.273":267,"stat.mineBlock.46":9,"stat.craftItem.263":50,"stat.mineBlock.49":17,"stat.useItem.275":258,"stat.walkOneCm":4392073,"stat.craftItem.265":74,"stat.craftItem.267":1,"stat.animalsBred":14,"achievement.goldGear":4,"stat.craftItem.258":1,"stat.craftItem.259":1,"stat.useItem.24":31,"stat.mineBlock.58":4,"stat.useItem.31":4,"achievement.redstoneEngine":2,"stat.craftItem.257":1,"stat.mineBlock.50":43,"stat.mineBlock.54":5,"stat.useItem.291":40,"stat.mineBlock.56":13,"stat.mineBlock.24":196,"stat.killEntity.Skeleton":7,"stat.useItem.258":206,"stat.useItem.257":251,"stat.useItem.259":1,"stat.killEntity.Chicken":5,"stat.craftItem.280":496,"stat.killEntity.Spider":17,"stat.mobKills":64,"stat.mineBlock.21":10,"stat.craftItem.272":1,"stat.craftItem.273":2,"stat.mineBlock.35":53,"stat.useItem.6":218,"stat.craftItem.274":17,"stat.mineBlock.38":4,"stat.craftItem.275":1,"stat.useItem.12":71,"stat.craftItem.278":1,"stat.useItem.1":2,"stat.useItem.4":841,"stat.useItem.3":522,"achievement.diamondGear":2,"stat.useItem.13":35,"stat.useItem.391":36,"stat.mineBlock.32":1,"stat.mineBlock.31":445,"stat.useItem.272":143,"stat.useItem.392":26,"stat.useItem.271":23}