{"stat.craftItem.69":2,"stat.useItem.355":2,"stat.craftItem.61":7,"stat.craftItem.65":15,"stat.mineBlock.14":13,"stat.mineBlock.13":77,"stat.mineBlock.16":240,"stat.mineBlock.15":107,"stat.mineBlock.18":141,"stat.mineBlock.17":243,"stat.swimOneCm":28937,"stat.climbOneCm":4562,"achievement.buildWorkBench":1,"stat.craftItem.76":4,"stat.craftItem.324":1,"stat.craftItem.325":4,"achievement.exploreAllBiomes":{"value":0,"progress":["ForestHills","Beach","DesertHills","River","Forest","Plains","Desert","Savanna"]},"stat.mineBlock.12":104,"stat.useItem.331":4,"stat.useItem.338":15,"stat.mineBlock.4":3,"stat.mineBlock.3":228,"stat.mineBlock.1":1596,"stat.mineBlock.6":6,"stat.flyOneCm":25732,"stat.craftItem.355":1,"achievement.buildPickaxe":23,"stat.killEntity.Witch":1,"achievement.woodenGear":5,"achievement.buildBetterPickaxe":23,"ic2.mineOre":197,"stat.killEntity.Bat":2,"ic2.acquireResin":33,"stat.mineBlock.175":11,"stat.killEntity.Creeper":7,"stat.useItem.324":1,"stat.craftItem.33":1,"achievement.buildSword":1,"achievement.mineWood":218,"stat.breakItem.274":2,"achievement.openInventory":144,"stat.breakItem.273":2,"stat.breakItem.275":2,"stat.useItem.81":27,"achievement.killEnemy":16,"achievement.ironGear":1,"achievement.buildFurnace":9,"stat.craftItem.58":2,"stat.drop":24,"stat.playOneMinute":501152,"stat.craftItem.50":172,"stat.killEntity.Sheep":3,"stat.craftItem.54":7,"stat.killEntity.Zombie":10,"stat.craftItem.306":1,"stat.diveOneCm":4184,"stat.craftItem.307":1,"stat.craftItem.308":1,"stat.craftItem.309":1,"stat.useItem.65":7,"stat.useItem.61":2,"stat.breakItem.257":1,"stat.mineBlock.81":10,"stat.useItem.69":8,"stat.craftItem.297":23,"stat.jump":2624,"achievement.stoneGear":3,"stat.fallOneCm":11421,"stat.craftItem.291":1,"stat.craftItem.1":5,"stat.mineBlock.69":5,"stat.useItem.295":139,"stat.craftItem.5":240,"stat.damageTaken":1810,"stat.mineBlock.61":2,"stat.useItem.54":6,"stat.useItem.50":204,"stat.damageDealt":7665,"stat.mineBlock.73":32,"stat.useItem.58":5,"stat.useItem.274":1247,"stat.useItem.273":267,"stat.craftItem.263":50,"stat.useItem.275":258,"stat.walkOneCm":1664923,"stat.craftItem.265":74,"stat.craftItem.267":1,"stat.craftItem.258":1,"stat.mineBlock.58":4,"achievement.redstoneEngine":1,"stat.craftItem.257":1,"stat.mineBlock.50":20,"stat.mineBlock.54":1,"stat.useItem.291":40,"stat.mineBlock.56":8,"stat.mineBlock.24":28,"stat.killEntity.Skeleton":5,"stat.useItem.258":45,"stat.useItem.257":251,"stat.killEntity.Chicken":4,"stat.craftItem.280":140,"stat.killEntity.Spider":5,"stat.mobKills":37,"stat.mineBlock.21":4,"stat.craftItem.272":1,"stat.craftItem.273":2,"stat.useItem.6":58,"stat.craftItem.274":15,"stat.mineBlock.38":2,"stat.craftItem.275":1,"stat.useItem.12":10,"stat.useItem.4":122,"stat.useItem.3":133,"stat.useItem.13":35,"stat.useItem.391":16,"stat.mineBlock.32":1,"stat.mineBlock.31":374,"stat.useItem.272":121,"stat.useItem.392":16,"stat.useItem.271":23}