{"stat.useItem.274":390,"ic2.mineOre":8,"stat.useItem.273":144,"stat.useItem.65":1,"stat.craftItem.263":34,"stat.killEntity.Bat":2,"stat.useItem.275":171,"stat.walkOneCm":524294,"stat.useItem.355":2,"stat.craftItem.265":12,"stat.useItem.61":2,"stat.craftItem.61":2,"stat.craftItem.65":3,"stat.mineBlock.175":9,"stat.killEntity.Creeper":6,"stat.mineBlock.58":1,"stat.mineBlock.13":57,"stat.mineBlock.16":169,"stat.mineBlock.15":20,"stat.mineBlock.18":33,"stat.mineBlock.17":129,"stat.useItem.324":1,"stat.swimOneCm":824,"stat.jump":562,"achievement.stoneGear":2,"stat.fallOneCm":4474,"stat.climbOneCm":439,"stat.craftItem.291":1,"achievement.buildWorkBench":1,"achievement.mineWood":114,"stat.craftItem.1":5,"stat.mineBlock.50":7,"stat.craftItem.324":1,"stat.craftItem.325":1,"achievement.exploreAllBiomes":{"value":0,"progress":["ForestHills","Beach","DesertHills","Plains","Desert"]},"stat.mineBlock.54":1,"stat.useItem.291":40,"stat.useItem.295":19,"stat.killEntity.Skeleton":2,"achievement.openInventory":35,"stat.craftItem.5":136,"stat.breakItem.273":1,"stat.breakItem.275":1,"stat.killEntity.Chicken":4,"stat.craftItem.280":52,"stat.damageTaken":280,"stat.killEntity.Spider":1,"stat.mineBlock.3":170,"stat.mineBlock.1":147,"stat.mobKills":21,"stat.mineBlock.6":3,"stat.craftItem.272":1,"stat.useItem.54":1,"stat.craftItem.273":2,"stat.useItem.6":31,"stat.craftItem.58":2,"stat.flyOneCm":5234,"stat.craftItem.274":5,"stat.mineBlock.38":2,"stat.craftItem.275":1,"stat.useItem.50":72,"stat.drop":2,"stat.craftItem.355":1,"achievement.buildPickaxe":3,"stat.playOneMinute":106640,"stat.craftItem.50":96,"stat.killEntity.Sheep":3,"stat.useItem.3":129,"stat.damageDealt":3635,"achievement.woodenGear":2,"achievement.buildBetterPickaxe":3,"stat.killEntity.Zombie":3,"stat.useItem.13":35,"stat.mineBlock.31":272,"stat.diveOneCm":676,"stat.useItem.58":3,"stat.useItem.272":53}