{"stat.craftItem.69":4,"stat.useItem.355":3,"stat.craftItem.61":7,"stat.craftItem.65":15,"stat.mineBlock.14":18,"stat.mineBlock.13":83,"stat.mineBlock.16":336,"stat.mineBlock.15":139,"stat.mineBlock.18":386,"stat.mineBlock.17":537,"stat.swimOneCm":31179,"stat.climbOneCm":5376,"achievement.buildWorkBench":1,"stat.craftItem.76":8,"stat.craftItem.324":3,"stat.craftItem.325":4,"achievement.exploreAllBiomes":{"value":0,"progress":["ForestHills","Beach","DesertHills","River","Forest","Plains","Desert","Savanna"]},"stat.mineBlock.12":179,"stat.useItem.331":4,"stat.useItem.338":15,"stat.mineBlock.4":37,"stat.mineBlock.3":434,"stat.mineBlock.1":2217,"stat.mineBlock.6":7,"stat.flyOneCm":27720,"stat.craftItem.355":1,"achievement.buildPickaxe":24,"stat.killEntity.Witch":1,"achievement.woodenGear":14,"achievement.buildBetterPickaxe":24,"ic2.mineOre":264,"stat.killEntity.Bat":2,"ic2.acquireResin":38,"stat.mineBlock.175":12,"stat.killEntity.Creeper":8,"stat.useItem.324":3,"stat.craftItem.33":2,"achievement.buildSword":1,"achievement.mineWood":507,"stat.breakItem.272":1,"stat.breakItem.274":2,"achievement.openInventory":225,"stat.breakItem.273":2,"stat.craftItem.42":2,"stat.breakItem.275":2,"stat.useItem.81":71,"achievement.killEnemy":24,"achievement.ironGear":8,"achievement.buildFurnace":9,"stat.craftItem.58":2,"stat.drop":26,"stat.playOneMinute":750429,"stat.craftItem.50":224,"stat.killEntity.Sheep":3,"stat.craftItem.54":8,"stat.killEntity.Zombie":11,"stat.craftItem.306":1,"stat.diveOneCm":4184,"stat.craftItem.307":1,"stat.craftItem.308":1,"stat.craftItem.309":1,"stat.useItem.65":11,"stat.useItem.61":2,"stat.breakItem.257":1,"stat.mineBlock.81":58,"stat.useItem.69":21,"stat.craftItem.297":23,"stat.jump":3778,"achievement.stoneGear":10,"stat.fallOneCm":19215,"stat.craftItem.291":1,"stat.craftItem.1":5,"stat.mineBlock.69":13,"stat.useItem.295":169,"stat.craftItem.5":320,"stat.damageTaken":2090,"stat.mineBlock.61":2,"stat.mineBlock.65":4,"stat.useItem.54":6,"stat.useItem.50":249,"achievement.chunkDestroyer":1,"stat.damageDealt":9425,"stat.mineBlock.73":52,"stat.useItem.58":5,"stat.useItem.274":1247,"stat.useItem.273":267,"stat.craftItem.263":50,"stat.useItem.275":258,"stat.walkOneCm":2737755,"stat.craftItem.265":74,"stat.craftItem.267":1,"stat.animalsBred":4,"achievement.goldGear":4,"stat.craftItem.258":1,"stat.mineBlock.58":4,"stat.useItem.31":1,"achievement.redstoneEngine":2,"stat.craftItem.257":1,"stat.mineBlock.50":25,"stat.mineBlock.54":1,"stat.useItem.291":40,"stat.mineBlock.56":13,"stat.mineBlock.24":28,"stat.killEntity.Skeleton":5,"stat.useItem.258":182,"stat.useItem.257":251,"stat.killEntity.Chicken":4,"stat.craftItem.280":212,"stat.killEntity.Spider":11,"stat.mobKills":46,"stat.mineBlock.21":4,"stat.craftItem.272":1,"stat.craftItem.273":2,"stat.useItem.6":114,"stat.craftItem.274":15,"stat.mineBlock.38":2,"stat.craftItem.275":1,"stat.useItem.12":71,"stat.craftItem.278":1,"stat.useItem.4":215,"stat.useItem.3":320,"achievement.diamondGear":2,"stat.useItem.13":35,"stat.useItem.391":21,"stat.mineBlock.32":1,"stat.mineBlock.31":399,"stat.useItem.272":143,"stat.useItem.392":21,"stat.useItem.271":23}